City,Lat,Lon,Max Temp,Humidity,Cloudiness,Wind Speed,Country,Date
Punta Arenas,-53.15,-70.9167,44.6,57,0,8.05,CL,1614562578
Mataura,-46.1927,168.8643,72.0,72,91,1.99,NZ,1614562578
Ossora,59.2353,163.0719,-0.26,93,100,14.9,RU,1614562579
Ushuaia,-54.8,-68.3,44.6,65,20,9.22,AR,1614562579
Hilo,19.7297,-155.09,75.2,69,90,8.05,US,1614562579
Hellvik,59.9156,5.781,42.01,96,44,3.0,NO,1614562580
Oranjemund,-28.55,16.4333,66.47,76,37,2.95,NA,1614562580
Poum,-20.2333,164.0167,81.0,71,14,11.52,NC,1614562581
Puerto Ayora,-0.7393,-90.3518,80.01,91,52,2.82,EC,1614562581
Kapaa,22.0752,-159.319,75.2,69,20,23.02,US,1614562581
Sakaiminato,35.55,133.2333,64.4,51,75,14.97,JP,1614562603
Tessalit,20.1986,1.0114,63.01,25,17,2.86,ML,1614562603
Saint-Philippe,-21.3585,55.7679,75.2,69,0,5.75,RE,1614562603
Kruisfontein,-34.0033,24.7314,64.99,91,95,5.97,ZA,1614562604
Amethi,26.15,81.8167,68.72,39,0,2.95,IN,1614562604
Horsham,51.064,-0.3272,41.0,100,0,4.61,GB,1614562605
San Quintin,30.4833,-115.95,60.12,59,0,4.09,MX,1614562605
Pyskowice,50.4,18.6333,37.0,86,100,4.0,PL,1614562605
Victoria,22.2855,114.1577,71.01,81,88,11.21,HK,1614562400
Dalvik,65.9702,-18.5286,41.0,48,40,23.02,IS,1614562606
Qaanaaq,77.484,-69.3632,-3.14,79,100,3.74,GL,1614562606
Katsuura,35.1333,140.3,60.01,62,20,5.75,JP,1614562607
Atuona,-9.8,-139.0333,80.17,79,20,15.23,PF,1614562607
Dunedin,-45.8742,170.5036,63.0,86,100,25.99,NZ,1614562318
Bluff,-46.6,168.3333,72.0,72,66,1.99,NZ,1614562608
Storslett,69.7678,21.0247,34.65,96,100,27.81,NO,1614562608
Bredasdorp,-34.5322,20.0403,69.8,88,54,9.22,ZA,1614562453
Barrow,71.2906,-156.7887,-13.0,77,20,8.05,US,1614562608
Bambous Virieux,-20.3428,57.7575,75.2,88,75,5.75,MU,1614562609
Vaini,-21.2,-175.2,82.4,74,40,6.91,TO,1614562609
Ponta Do Sol,32.6667,-17.1,57.99,57,30,7.0,PT,1614562609
Paungde,18.4833,95.5,76.95,44,0,4.43,MM,1614562609
Busselton,-33.65,115.3333,68.0,71,100,4.0,AU,1614562610
Anadyr,64.75,177.4833,-2.2,60,40,13.42,RU,1614562610
Cayenne,4.9333,-52.3333,78.8,83,75,6.91,GF,1614562610
Pangnirtung,66.1451,-65.7125,-29.11,96,100,5.17,CA,1614562611
Narsaq,60.9167,-46.05,26.6,63,90,3.44,GL,1614562611
Souillac,-20.5167,57.5167,75.2,88,75,5.75,MU,1614562611
Ribeira Grande,38.5167,-28.7,56.16,63,23,12.48,PT,1614562612
Lazaro Cardenas,17.9583,-102.2,73.49,82,77,2.68,MX,1614562612
Albany,42.6001,-73.9662,39.0,73,100,1.99,US,1614562500
Hermanus,-34.4187,19.2345,72.0,84,1,3.0,ZA,1614562613
Coquimbo,-29.9533,-71.3436,60.8,88,75,6.91,CL,1614562613
Tuktoyaktuk,69.4541,-133.0374,-32.8,68,1,3.44,CA,1614562613
Touros,-5.1989,-35.4608,78.8,83,40,6.91,BR,1614562614
Palmer,42.1584,-72.3287,39.99,75,90,4.61,US,1614562422
Rikitea,-23.1203,-134.9692,78.48,77,41,11.43,PF,1614562614
Cape Town,-33.9258,18.4232,69.01,77,0,9.22,ZA,1614562615
Palu,-0.8917,119.8707,85.84,55,100,1.34,ID,1614562615
Arraial Do Cabo,-22.9661,-42.0278,77.0,88,0,10.36,BR,1614562615
Nedjo,9.5046,35.5019,57.87,61,30,2.77,ET,1614562615
Saldanha,-33.0117,17.9442,59.0,88,85,11.5,ZA,1614562616
Beringovskiy,63.05,179.3167,-2.07,88,100,28.48,RU,1614562616
Provideniya,64.3833,-173.3,-4.0,77,90,29.08,RU,1614562616
Marabba,12.35,32.1833,70.63,13,0,14.18,SD,1614562617
East London,-33.0153,27.9116,70.27,73,1,21.61,ZA,1614562617
Saskylakh,71.9167,114.0833,-22.94,94,100,7.31,RU,1614562617
Buchanan,5.8808,-10.0467,77.0,94,75,3.71,LR,1614562617
Leua,48.2156,18.6071,39.0,73,0,5.06,SK,1614562618
Leh,34.1667,77.5833,5.72,70,11,1.99,IN,1614562569
Veraval,20.9,70.3667,72.68,57,0,12.77,IN,1614562619
Severo-Yeniseyskiy,60.3725,93.0408,-21.98,96,5,1.77,RU,1614562619
Kaitangata,-46.2817,169.8464,66.0,87,100,10.0,NZ,1614562619
Charters Towers,-20.1,146.2667,77.18,78,100,20.58,AU,1614562619
Aksu,41.1231,80.2644,27.41,89,0,3.11,CN,1614562620
Korla,41.7597,86.1469,30.29,77,1,5.64,CN,1614562620
Ampanihy,-24.7,44.75,74.62,89,100,10.67,MG,1614562621
Sao Filipe,14.8961,-24.4956,67.28,74,17,11.99,CV,1614562621
Taoudenni,22.6783,-3.9836,61.77,26,0,4.68,ML,1614562623
Bengkulu,-3.8004,102.2655,83.66,65,47,2.8,ID,1614562623
Coihaique,-45.5752,-72.0662,55.31,99,100,4.36,CL,1614562624
Aksha,50.2814,113.2867,-1.75,88,59,2.39,RU,1614562624
Ilulissat,69.2167,-51.1,5.0,78,75,26.46,GL,1614562624
Marivan,35.5219,46.176,35.02,79,0,0.49,IR,1614562625
Hovd,48.0056,91.6419,12.36,35,93,0.45,MN,1614562625
Abha,18.2164,42.5053,57.2,62,0,4.61,SA,1614562368
Kurmanayevka,52.5093,52.0675,3.27,93,89,8.48,RU,1614562625
Puerto Escondido,15.85,-97.0667,78.8,78,40,5.21,MX,1614562626
Ajdabiya,30.7554,20.2263,54.21,73,0,6.44,LY,1614562626
Leningradskiy,69.3833,178.4167,-17.03,87,41,2.28,RU,1614562626
Hithadhoo,-0.6,73.0833,82.58,64,82,9.71,MV,1614562627
Brokopondo,4.75,-55.1667,74.61,86,100,7.94,SR,1614562627
Berdigestyakh,62.0989,126.6992,-16.19,86,100,9.17,RU,1614562628
Mahibadhoo,3.7833,72.9667,80.94,63,76,1.81,MV,1614562440
Mahebourg,-20.4081,57.7,75.2,88,75,5.75,MU,1614562629
Grong,64.4654,12.3149,40.87,85,100,24.14,NO,1614562629
Norman Wells,65.282,-126.8329,-22.0,69,90,11.5,CA,1614562629
Airai,-8.9266,125.4092,64.44,88,96,2.17,TL,1614562630
Hasaki,35.7333,140.8333,55.0,54,75,4.61,JP,1614562630
New Norfolk,-42.7826,147.0587,64.0,79,84,6.64,AU,1614562630
Subate,56.0062,25.9076,30.51,99,2,3.83,LV,1614562631
Adwa,14.1646,38.8955,54.88,61,0,1.95,ET,1614562631
Carballo,43.213,-8.691,42.01,93,0,1.01,ES,1614562631
Carnarvon,-24.8667,113.6333,78.8,69,98,13.8,AU,1614562632
Tommot,58.9564,126.2925,-14.39,91,100,8.95,RU,1614562632
Tomiya,38.3931,140.8861,51.8,40,40,6.91,JP,1614562632
Teguldet,57.3064,88.1667,-10.44,89,100,7.25,RU,1614562632
Husavik,66.0449,-17.3389,41.0,48,40,23.02,IS,1614562654
Castro,-24.7911,-50.0119,63.63,97,100,7.65,BR,1614562654
Acajutla,13.5928,-89.8275,79.29,80,56,7.14,SV,1614562654
Port Elizabeth,-33.918,25.5701,69.8,83,0,12.66,ZA,1614562614
Port Alfred,-33.5906,26.891,70.57,76,0,25.7,ZA,1614562655
Dalbandin,28.8947,64.4101,46.87,44,0,5.32,PK,1614562655
Guerrero Negro,27.9769,-114.0611,65.73,26,0,13.0,MX,1614562656
Yeniseysk,58.4497,92.1703,-18.13,88,56,3.51,RU,1614562656
San Ramon,37.7799,-121.978,62.6,25,1,9.22,US,1614562657
Gela,37.0803,14.2307,48.99,87,18,3.44,IT,1614562640
Marsh Harbour,26.5412,-77.0636,75.38,79,0,13.94,BS,1614562519
Mecca,21.4267,39.8261,65.25,43,0,7.25,SA,1614562658
Alihe,50.5667,123.7167,1.15,67,0,3.83,CN,1614562658
Yellowknife,62.456,-114.3525,-20.2,63,75,12.66,CA,1614562443
Usogorsk,63.4106,48.6872,13.84,95,100,8.97,RU,1614562658
Dikson,73.5069,80.5464,-14.28,87,100,22.91,RU,1614562659
Nikolskoye,59.7035,30.7861,35.01,86,0,8.95,RU,1614562659
Lata,40.1629,-8.3327,55.99,92,0,1.01,PT,1614562659
Georgetown,5.4112,100.3354,81.0,88,40,3.44,MY,1614562660
Seoul,37.5683,126.9778,42.8,93,90,6.91,KR,1614562463
Hay River,60.8156,-115.7999,-5.8,49,100,12.66,CA,1614562660
Rio Grande,-32.035,-52.0986,75.0,83,45,1.99,BR,1614562586
Bocas Del Toro,9.3333,-82.25,64.0,68,83,4.0,PA,1614562661
Razvilnoye,46.2387,41.2987,33.4,94,97,5.21,RU,1614562661
Vanimo,-2.6741,141.3028,87.15,63,67,9.31,PG,1614562662
Butaritari,3.0707,172.7902,80.47,84,100,13.91,KI,1614562662
Constitucion,-35.3333,-72.4167,65.39,60,0,10.36,CL,1614562663
Bollnas,61.3482,16.3946,34.75,88,67,6.49,SE,1614562663
Port Hawkesbury,45.6169,-61.3485,28.99,86,90,12.66,CA,1614562663
Severo-Kurilsk,50.6789,156.125,27.23,76,94,24.87,RU,1614562663
Anahuac,27.2333,-100.15,82.4,54,90,9.01,MX,1614562664
Ust-Nera,64.5667,143.2,-13.72,78,74,2.62,RU,1614562664
Krasnoselkup,65.7,82.4667,-29.99,82,50,8.46,RU,1614562664
Portland,45.5234,-122.6762,55.4,47,20,3.2,US,1614562276
Port Keats,-14.25,129.55,89.15,59,6,5.73,AU,1614562665
Laguna,38.421,-121.4238,66.2,30,1,1.95,US,1614562665
Jamestown,42.097,-79.2353,42.01,93,90,11.61,US,1614562666
Alice Springs,-23.7,133.8833,93.2,10,0,8.05,AU,1614562491
Tete,-16.1564,33.5867,73.4,94,75,5.75,MZ,1614562666
Mar Del Plata,-38.0023,-57.5575,70.0,94,0,9.22,AR,1614562597
Comodoro Rivadavia,-45.8667,-67.5,78.8,41,0,10.36,AR,1614562484
Alofi,-19.0595,-169.9187,77.0,88,90,6.91,NU,1614562696
Hami,42.8,93.45,32.77,61,0,1.07,CN,1614562701
Yaan,7.3833,8.5667,75.72,80,0,6.46,NG,1614562701
Mana,5.6592,-53.7767,76.1,86,100,10.65,GF,1614562701
San Cristobal,7.7669,-72.225,66.06,86,94,2.62,VE,1614562702
Rapid Valley,44.0625,-103.1463,28.99,74,1,6.64,US,1614562452
Tasiilaq,65.6145,-37.6368,17.6,79,3,2.3,GL,1614562702
Lorengau,-2.0226,147.2712,85.17,71,69,10.76,PG,1614562703
Haines Junction,60.7522,-137.5108,24.8,58,100,12.66,CA,1614562703
Gizo,-8.103,156.8419,83.28,74,100,11.61,SB,1614562704
Ukiah,39.1502,-123.2078,69.8,24,1,5.75,US,1614562202
Jumla,29.2747,82.1838,43.57,36,41,3.56,NP,1614562704
Kalianget,-7.05,113.9333,83.25,71,20,4.21,ID,1614562705
Ca Mau,9.1769,105.15,85.64,64,88,11.16,VN,1614562705
Avarua,-21.2078,-159.775,84.2,79,40,13.8,CK,1614562705
Pevek,69.7008,170.3133,-20.74,87,0,3.24,RU,1614562706
Pisco,-13.7,-76.2167,75.2,73,75,4.61,PE,1614562706
Tautira,-17.7333,-149.15,86.0,74,75,12.66,PF,1614562707
Hit,33.6416,42.8251,53.33,41,0,3.24,IQ,1614562707
Khatanga,71.9667,102.5,-29.06,85,92,2.17,RU,1614562708
Thaba-Tseka,-29.522,28.6084,46.99,90,96,1.23,LS,1614562708
Mujiayingzi,42.1167,118.7833,13.82,70,95,4.94,CN,1614562708
Nioro,13.35,-15.75,68.76,27,27,8.88,GM,1614562709
Taos,36.4072,-105.5731,30.2,55,1,4.99,US,1614562628
Stillwater,36.1156,-97.0584,51.8,43,1,9.22,US,1614562709
Sao Miguel Do Araguaia,-13.275,-50.1628,71.73,90,100,4.9,BR,1614562710
Beloha,-25.1667,45.05,74.71,89,83,12.33,MG,1614562710
Atherton,53.5237,-2.4935,41.0,79,0,1.01,GB,1614562711
Mamlyutka,54.9375,68.5394,1.67,94,100,9.37,KZ,1614562711
Hamilton,39.1834,-84.5333,59.0,94,90,5.75,US,1614562415
Mount Isa,-20.7333,139.5,93.2,33,2,6.91,AU,1614562712
Tiksi,71.6872,128.8694,-28.95,85,100,5.1,RU,1614562712
Port Lincoln,-34.7333,135.8667,66.88,68,97,16.64,AU,1614562712
Krk,45.0258,14.5731,44.6,49,0,2.3,HR,1614562713
Veisiejai,54.1,23.7,30.85,99,48,4.0,LT,1614562713
Requena,39.4883,-1.1004,53.01,85,99,1.01,ES,1614562714
Guarapari,-20.6667,-40.4975,75.2,94,75,3.44,BR,1614562714
Susuman,62.7833,148.1667,-12.37,83,84,3.6,RU,1614562736
Yulara,-25.2406,130.9889,95.0,15,0,13.8,AU,1614562736
Jiaocheng,24.6774,116.1389,72.82,64,67,3.69,CN,1614562737
Horice,50.3661,15.6318,35.01,100,0,2.42,CZ,1614562737
Jizan,17.3333,42.6667,80.6,78,40,9.22,SA,1614562738
Yorosso,12.3536,-4.7761,76.42,16,70,5.48,ML,1614562739
Lasa,46.6166,10.7002,36.0,80,0,4.61,IT,1614562739
Pochutla,15.7432,-96.4661,78.8,73,1,4.85,MX,1614562742
Mackay,-21.15,149.2,82.4,78,40,17.27,AU,1614562742
Ibra,22.6906,58.5334,57.36,83,0,1.43,OM,1614562743
Geraldton,-28.7667,114.6,78.8,47,79,12.66,AU,1614562743
Mehamn,71.0357,27.8492,37.87,78,96,32.66,NO,1614562744
Cortes,41.9395,-1.4396,50.0,87,20,9.22,ES,1614562744
Chuy,-33.6971,-53.4616,70.2,81,99,12.03,UY,1614562744
Deer Lake,49.1667,-57.4316,28.4,80,90,5.75,CA,1614562589
Lavrentiya,65.5833,-171.0,-10.48,88,94,11.41,RU,1614562745
Uglich,57.5275,38.3317,15.49,97,88,4.45,RU,1614562745
Turukhansk,65.8167,87.9833,-32.76,77,0,3.65,RU,1614562746
Harper,4.375,-7.7169,77.47,86,100,2.44,LR,1614562746
Los Llanos De Aridane,28.6585,-17.9182,62.6,67,40,8.05,ES,1614562747
Mount Gambier,-37.8333,140.7667,68.0,56,75,18.41,AU,1614562747
Mareeba,-17.0,145.4333,75.2,78,90,12.66,AU,1614562748
Mugi,42.2994,47.4208,37.4,93,90,11.18,RU,1614562748
Aras,42.5617,-2.356,46.4,81,0,13.8,ES,1614562748
Vila Franca Do Campo,37.7167,-25.4333,57.2,94,75,11.5,PT,1614562749
Verkhnyaya Inta,65.9811,60.3094,5.22,90,100,10.45,RU,1614562749
Sakhon Nakhon,17.1612,104.1472,77.0,83,0,5.75,TH,1614562749
Roald,62.5833,6.1333,44.6,70,90,26.46,NO,1614562750
Tabou,4.423,-7.3528,77.18,88,100,3.02,CI,1614562750
Taitung,22.7583,121.1444,71.6,83,75,2.3,TW,1614562750
Christchurch,-43.5333,172.6333,68.0,94,75,13.8,NZ,1614562750
Livadiya,42.8692,132.6764,23.83,80,100,10.87,RU,1614562751
Kutum,14.2,24.6667,56.46,33,0,10.6,SD,1614562751
Bibiani,6.4635,-2.3194,72.23,98,100,1.57,GH,1614562751
Ancud,-41.8697,-73.8203,61.0,88,75,3.44,CL,1614562752
Preobrazheniye,42.9019,133.9064,26.69,83,100,5.39,RU,1614562752
Westport,41.1415,-73.3579,39.2,93,90,9.22,US,1614562632
Gimli,50.6336,-96.9907,-2.2,71,80,12.66,CA,1614562753
Balikpapan,-1.2675,116.8289,82.4,78,20,3.44,ID,1614562774
Semenivka,52.1783,32.5818,30.42,99,97,3.71,UA,1614562774
Grindavik,63.8424,-22.4338,37.4,87,90,11.5,IS,1614562775
Sur,22.5667,59.5289,67.93,63,0,4.85,OM,1614562775
Jacksonville,30.3322,-81.6556,75.2,78,75,4.61,US,1614562607
Marzuq,14.4,46.4667,59.63,33,27,4.94,YE,1614562776
Natal,-5.795,-35.2094,82.4,74,40,11.5,BR,1614562580
Prince Rupert,54.3161,-130.3201,33.8,100,90,2.3,CA,1614562727
Poli,-3.3333,36.8,59.97,86,36,2.75,TZ,1614562777
Caranavi,-15.8167,-67.55,63.07,93,73,2.39,BO,1614562777
Hobart,-42.8794,147.3294,64.4,68,75,9.22,AU,1614562777
Alto Araguaia,-17.3147,-53.2153,68.25,94,88,10.98,BR,1614562778
Hambantota,6.1241,81.1185,68.0,100,1,2.3,LK,1614562778
Kailua,21.4022,-157.7394,80.6,65,75,16.11,US,1614562576
Clyde River,70.4692,-68.5914,-27.4,62,20,3.44,CA,1614562779
Xining,36.6167,101.7667,24.6,63,0,2.24,CN,1614562529
Anastasiyevskaya,45.2158,37.8926,37.0,87,94,2.24,RU,1614562780
Upernavik,72.7868,-56.1549,7.97,67,100,10.13,GL,1614562780
Bandarbeyla,9.4942,50.8122,75.02,82,99,12.1,SO,1614562780
Porto Santo,33.072,-16.3415,59.0,72,40,10.36,PT,1614562781
La Peca,-5.6111,-78.435,67.51,82,79,2.24,PE,1614562781
Ahipara,-35.1667,173.1667,70.9,78,62,9.08,NZ,1614562782
Russell,32.3502,-85.1999,71.6,64,1,5.75,US,1614562782
Thompson,55.7435,-97.8558,-14.8,64,1,6.91,CA,1614562783
Cherskiy,68.75,161.3,-12.1,82,0,3.06,RU,1614562783
Karasburg,-28.0167,18.75,77.67,36,52,9.46,NA,1614562783
Assiniboia,49.6334,-105.9845,10.4,79,90,11.5,CA,1614562784
Majene,-3.5403,118.9707,82.6,67,92,2.26,ID,1614562784
Fairbanks,64.8378,-147.7164,1.0,71,90,5.75,US,1614562503
Chara,56.9064,118.2631,-18.15,57,53,1.74,RU,1614562785
Nova Gradiska,45.255,17.3831,32.0,86,0,2.3,HR,1614562785
Ambilobe,-13.2,49.05,73.31,92,46,2.1,MG,1614562786
Tuatapere,-46.1333,167.6833,72.0,72,86,1.99,NZ,1614562786
Port Blair,11.6667,92.75,80.44,56,0,5.46,IN,1614562786
Khonsa,27.0167,95.5667,67.21,52,75,0.69,IN,1614562787
Kalmunai,7.4167,81.8167,75.87,71,0,2.28,LK,1614562787
Buraydah,26.326,43.975,53.6,50,20,5.75,SA,1614562572
Lebu,-37.6167,-73.65,60.57,85,29,18.16,CL,1614562788
Hualmay,-11.0964,-77.6139,72.91,74,73,7.18,PE,1614562788
Muroto,33.2833,134.15,57.2,77,75,5.75,JP,1614562788
Amuntai,-2.4177,115.2494,88.41,55,7,1.81,ID,1614562813
Arki,31.15,76.9667,50.2,31,0,6.29,IN,1614562816
La Rioja,42.25,-2.5,46.4,81,0,13.8,ES,1614562820
Bethel,41.3712,-73.414,37.0,94,100,1.01,US,1614562537
Susanville,40.4163,-120.653,46.4,25,1,5.75,US,1614562528
Igarka,67.4667,86.5833,-35.16,82,8,6.55,RU,1614562821
Stavern,59.0,10.0333,34.0,86,0,1.14,NO,1614562822
Batticaloa,7.7102,81.6924,75.13,75,0,4.36,LK,1614562822
Komsomolskiy,40.4272,71.7189,26.6,80,48,6.91,UZ,1614562823
Cabo San Lucas,22.8909,-109.9124,72.0,64,75,4.61,MX,1614562823
Praia Da Vitoria,38.7333,-27.0667,53.6,94,40,7.56,PT,1614562687
Kedrovyy,56.1667,91.8167,-25.6,75,100,4.07,RU,1614562824
Bagdarin,54.4333,113.6,-10.77,77,81,0.89,RU,1614562824
Gidole,5.65,37.3667,63.59,56,54,3.18,ET,1614562825
Anaconda,46.1285,-112.9423,30.2,59,90,5.75,US,1614562825
Vestmanna,62.1564,-7.1664,46.4,100,40,9.22,FO,1614562826
Baykit,61.67,96.37,-25.31,80,51,0.81,RU,1614562826
Swift Current,50.2834,-107.8014,12.2,79,90,10.36,CA,1614562728
Umea,63.8284,20.2597,41.0,70,100,4.61,SE,1614562827
Kodiak,57.79,-152.4072,26.6,39,1,36.82,US,1614562824
Broome,42.2506,-75.833,39.0,93,90,11.5,US,1614562827
Tateyama,34.9833,139.8667,60.8,63,75,4.61,JP,1614562828
Rafai,4.95,23.9167,66.96,39,0,2.84,CF,1614562829
Salalah,17.0151,54.0924,73.4,60,0,2.3,OM,1614562829
Clonakilty,51.6231,-8.8706,39.2,87,20,13.8,IE,1614562829
Kahului,20.8947,-156.47,78.8,53,40,16.11,US,1614562788
Buala,-8.145,159.5921,80.38,83,100,11.18,SB,1614562830
Pimentel,-6.8367,-79.9342,73.99,81,30,1.99,PE,1614562830
Dutlwe,-23.9833,23.9,61.81,75,0,8.7,BW,1614562831
Moree,-29.4667,149.85,89.6,45,61,6.91,AU,1614562831
Karratha,-20.7377,116.8463,86.5,52,82,9.24,AU,1614562832
Kaltenkirchen,53.8333,9.9667,39.0,17,0,3.8,DE,1614562832
Viransehir,37.2353,39.7631,46.06,56,97,3.09,TR,1614562832
Hvide Sande,56.0045,8.1294,36.0,79,99,13.53,DK,1614562833
Fortuna,40.5982,-124.1573,51.01,78,1,1.01,US,1614562601
Naze,28.3667,129.4833,71.6,78,40,17.27,JP,1614562833
Moerai,-22.4333,-151.3333,81.32,82,99,12.26,PF,1614562833
Bismarck,46.8083,-100.7837,35.6,48,90,4.61,US,1614562580
Verkh-Usugli,52.7,115.1667,-8.63,85,90,2.64,RU,1614562855
Alyangula,-13.8483,136.4192,87.03,59,17,10.09,AU,1614562856
Avera,33.194,-82.5271,73.4,77,1,5.75,US,1614562856
Aklavik,68.2191,-135.0107,-29.2,68,83,9.22,CA,1614562857
Uvira,-3.4067,29.1458,72.59,64,74,2.19,CD,1614562857
Tarata,-17.6167,-66.0167,66.2,52,40,9.22,BO,1614562857
Meulaboh,4.1363,96.1285,79.92,81,24,4.52,ID,1614562858
Road Town,18.4167,-64.6167,78.8,78,40,13.8,VG,1614562598
Quatre Cocos,-20.2078,57.7625,75.2,88,75,5.75,MU,1614562858
Codrington,-38.2667,141.9667,65.71,60,8,19.73,AU,1614562859
Kungurtug,50.5994,97.5228,-1.25,74,98,1.88,RU,1614562859
Shaki,41.0833,47.1667,44.6,80,75,1.12,AZ,1614562860
Biak,-0.9131,122.8766,84.29,61,100,3.0,ID,1614562861
Desbiens,48.4178,-71.9495,23.0,86,90,3.44,CA,1614562861
Nong Chik,6.8436,101.178,79.05,75,28,5.28,TH,1614562861
Pitimbu,-7.4706,-34.8086,77.0,94,40,4.61,BR,1614562862
Talakan,50.3167,130.3667,-3.84,82,100,4.72,RU,1614562862
Ler,8.3018,30.1418,76.68,17,0,7.74,SS,1614562863
Ishigaki,24.3448,124.1572,73.4,73,20,3.44,JP,1614562863
Maniitsoq,65.4167,-52.9,4.82,90,100,12.06,GL,1614562863
Tullahoma,35.362,-86.2094,69.8,77,90,4.61,US,1614562864
Maiduguri,11.8464,13.1603,71.46,29,0,9.06,NG,1614562864
Sharan,54.8167,54.0,-2.13,92,100,6.42,RU,1614562864
Bubaque,11.2833,-15.8333,77.13,59,81,18.14,GW,1614562865
Evensk,61.95,159.2333,5.59,80,100,16.64,RU,1614562865
Talnakh,69.4865,88.3972,-33.92,80,17,9.35,RU,1614562866
Tura,25.5198,90.2201,72.93,50,0,3.56,IN,1614562847
Coahuayana,18.7333,-103.6833,78.8,47,1,2.08,MX,1614562867
Bangassou,4.7413,22.8184,68.88,35,1,2.77,CF,1614562868
Noyabrsk,63.1994,75.4507,-19.7,88,0,7.61,RU,1614562868
Vila Velha,-20.3297,-40.2925,75.2,94,75,3.44,BR,1614562869
Gazanjyk,39.2446,55.5154,43.83,45,0,4.03,TM,1614562869
Talcahuano,-36.7167,-73.1167,64.4,72,0,16.11,CL,1614562870
Jackson,42.4165,-122.8345,57.2,38,1,1.25,US,1614562694
Te Anau,-45.4167,167.7167,66.83,79,51,2.44,NZ,1614562870
Kijang,35.2442,129.2139,55.4,71,75,1.14,KR,1614562871
Burnie,-41.0667,145.9167,72.0,47,17,5.01,AU,1614562871
Muros,42.7762,-9.0603,46.0,81,0,1.01,ES,1614562893
Adrar,20.5022,-10.0711,58.73,35,0,10.45,MR,1614562841
Chingola,-12.529,27.8838,62.1,98,100,2.19,ZM,1614562894
Ewa Beach,21.3156,-158.0072,82.4,51,1,10.36,US,1614562894
Morant Bay,17.8815,-76.4093,80.6,65,20,24.16,JM,1614562895
Farah,32.5,62.5,40.08,55,0,2.37,AF,1614562895
Urucui,-7.2294,-44.5561,74.57,89,98,3.04,BR,1614562895
Winston-Salem,36.0999,-80.2442,66.99,79,100,1.99,US,1614562720
Scarborough,54.2797,-0.4044,37.0,94,0,1.01,GB,1614562896
Nhulunbuy,-12.2333,136.7667,87.8,74,75,13.8,AU,1614562896
Sitka,57.0531,-135.33,37.4,87,90,19.57,US,1614562897
Baniyas,35.1819,35.9487,53.6,87,40,4.61,SY,1614562897
Puro,12.4841,123.3827,81.97,69,78,10.83,PH,1614562897
Mwinilunga,-11.7358,24.4293,61.66,97,100,2.35,ZM,1614562897
Vestmannaeyjar,63.4427,-20.2734,41.56,67,100,15.05,IS,1614562898
Berlevag,70.8578,29.0864,37.83,78,88,32.79,NO,1614562898
Tanda,26.55,82.65,67.06,34,0,6.46,IN,1614562898
Kumeny,58.1089,49.9161,-8.88,91,0,4.56,RU,1614562899
Samarai,-10.6167,150.6667,84.79,73,92,10.58,PG,1614562899
Vardo,70.3705,31.1107,36.54,82,0,22.82,NO,1614562693
Majur,44.7697,19.6544,37.99,93,0,3.44,RS,1614562900
Watertown,42.3709,-71.1828,39.99,70,90,4.61,US,1614562621
Arrecife,28.963,-13.5477,60.8,72,0,6.91,ES,1614562902
Praia,14.9215,-23.5087,66.2,63,40,16.11,CV,1614562905
Taveta,-3.3963,37.6736,69.28,84,38,2.21,KE,1614562905
Tazovskiy,67.4667,78.7,-19.75,87,100,12.82,RU,1614562905
Abonnema,4.7084,6.7931,77.0,88,40,5.84,NG,1614562906
Leshukonskoye,64.8989,45.7622,25.27,97,100,11.05,RU,1614562906
Jalu,29.0331,21.5482,53.13,73,0,8.14,LY,1614562906
Ketchikan,55.3422,-131.6461,39.2,93,75,4.61,US,1614562907
Sola,-13.8833,167.55,81.99,76,0,16.82,VU,1614562907
Krosno,49.6887,21.7706,34.0,94,100,8.99,PL,1614562907
Sao Francisco,-15.9486,-44.8644,68.32,84,91,3.11,BR,1614562748
Kisolon,8.33,124.9769,81.0,82,50,3.0,PH,1614562908
Ivybridge,50.3904,-3.9191,45.0,84,41,3.0,GB,1614562908
Ust-Kuyga,70.0167,135.6,-29.2,82,96,2.44,RU,1614562909
Meadow Lake,34.8014,-106.5436,42.01,41,90,21.85,US,1614562909
Sinop,41.7711,34.8709,28.44,95,83,6.82,TR,1614562844
Duncan,34.5023,-97.9578,51.8,37,1,11.5,US,1614562746
Campbell River,50.0163,-125.2446,44.01,100,90,20.71,CA,1614562910
Nadym,65.5333,72.5167,-18.26,87,100,11.77,RU,1614562911
Kupang,-10.1667,123.5833,82.4,83,20,5.75,ID,1614562941
Otane,-39.8833,176.6333,75.0,72,100,7.0,NZ,1614562949
Nanortalik,60.1432,-45.2371,26.37,95,57,13.18,GL,1614562949
Kaeo,-35.1,173.7833,72.5,61,57,7.23,NZ,1614562720
Boguchany,58.3814,97.4531,-15.95,86,34,0.6,RU,1614562950
Isangel,-19.55,169.2667,83.1,71,11,13.91,VU,1614562933
Nemuro,43.3236,145.575,35.6,60,75,3.44,JP,1614562951
Ambon,-3.6954,128.1814,87.8,62,40,11.5,ID,1614562951
Eyl,7.9803,49.8164,72.68,87,100,12.39,SO,1614562952
Deputatskiy,69.3,139.9,-28.41,86,67,1.66,RU,1614562952
Krasnorechenskiy,44.6265,135.3532,9.12,86,100,11.83,RU,1614562953
Honiara,-9.4333,159.95,78.13,87,96,5.75,SB,1614562953
Madera,37.1666,-119.8343,64.99,25,1,6.91,US,1614562954
Mayo,38.8876,-76.5119,44.01,100,90,3.44,US,1614562954
Caborca,30.5838,-111.101,57.99,7,0,4.0,MX,1614562954
Barstow,34.8986,-117.0228,55.4,10,1,5.75,US,1614562955
Sri Aman,1.2376,111.4621,73.4,100,40,1.14,MY,1614562955
Huanren,41.2647,125.3667,25.57,89,100,7.38,CN,1614562687
Kasongo-Lunda,-6.4667,16.8167,70.93,92,98,1.1,CD,1614562816
Mason City,43.1536,-93.201,21.2,79,1,14.97,US,1614562956
Kenora,49.8167,-94.4337,10.0,66,75,9.22,CA,1614562714
Tilichiki,60.4667,166.1,-10.25,94,100,14.81,RU,1614562839
Faanui,-16.4833,-151.75,82.9,76,100,12.77,PF,1614562957
Charlottetown,46.2352,-63.1267,28.4,86,20,4.61,CA,1614562861
Loa Janan,-0.583,117.095,81.05,83,100,1.88,ID,1614562958
Negombo,7.2083,79.8358,73.4,94,20,3.44,LK,1614562877
Miri,4.4148,114.0089,78.8,89,20,6.91,MY,1614562958
Hofn,64.2539,-15.2082,36.64,77,35,6.82,IS,1614562959
Kitaibaraki,36.7833,140.75,61.0,50,34,3.0,JP,1614562960
Sjenica,43.2731,19.9994,29.08,93,0,2.04,RS,1614562960
Chokurdakh,70.6333,147.9167,-25.35,85,0,4.45,RU,1614562961
Tamandare,-8.7597,-35.1047,78.33,83,1,7.4,BR,1614562961
Chokwe,-24.5333,32.9833,66.61,90,73,10.0,MZ,1614562961
Olafsvik,64.8945,-23.7142,38.61,76,94,27.04,IS,1614562962
Margate,51.3813,1.3862,44.01,85,0,1.99,GB,1614562962
Port Macquarie,-31.4333,152.9167,87.01,83,40,3.44,AU,1614562986
Synya,65.3718,58.0387,2.86,92,97,12.97,RU,1614562987
Tezu,27.9167,96.1667,70.47,53,99,4.5,IN,1614562988
Chiman,32.5463,73.8138,59.0,77,0,4.05,PK,1614562989
Mogoytuy,51.2833,114.9167,-5.3,83,0,3.15,RU,1614562989
Bireun,5.203,96.7009,81.16,71,1,2.53,ID,1614562990
Kikwit,-5.041,18.8162,72.72,85,95,2.89,CD,1614562990
Huanimaro,20.3667,-101.5,78.8,19,1,6.91,MX,1614562990
Necochea,-38.5473,-58.7368,75.99,73,0,8.99,AR,1614562991
Unity,52.4501,-109.1682,2.95,94,99,11.12,CA,1614562991
Cururupu,-1.8283,-44.8683,75.16,95,93,2.95,BR,1614562992
Great Bend,38.3645,-98.7648,35.01,55,1,10.36,US,1614562992
Kodinsk,58.6881,99.1844,-14.3,87,82,1.01,RU,1614562993
Itoman,26.1247,127.6694,75.2,69,40,9.22,JP,1614562993
Ostersund,63.1792,14.6357,39.2,65,40,17.27,SE,1614562894
Tvoroyri,61.5556,-6.8111,46.4,100,40,9.22,FO,1614562994
Kaputa,-8.4689,29.6619,67.24,84,100,2.75,ZM,1614562995
Simbahan,6.3032,120.5836,83.32,73,93,5.41,PH,1614562995
Anchorage,61.2181,-149.9003,23.0,58,90,3.44,US,1614562956
Saint George,37.1041,-113.5841,51.8,11,1,4.61,US,1614562996
Antofagasta,-23.65,-70.4,68.0,77,20,8.05,CL,1614562997
Wangou,42.0623,126.9127,17.87,92,100,5.5,CN,1614562997
Nizhnevartovsk,60.9344,76.5531,-18.4,76,0,6.71,RU,1614562998
Maningrida,-12.0667,134.2667,89.71,63,89,7.99,AU,1614562999
Big Rapids,43.6981,-85.4837,39.0,81,90,14.97,US,1614562827
Ngunguru,-35.6167,174.5,71.2,66,6,11.56,NZ,1614562999
Longyearbyen,78.2186,15.6401,17.6,67,75,8.05,SJ,1614562745
Biltine,14.5333,20.9167,74.26,18,0,20.76,TD,1614562780
Mitsamiouli,-11.3847,43.2844,81.25,77,24,8.16,KM,1614563000
Manggar,-2.8833,108.2667,83.57,68,0,5.39,ID,1614563027
Jacqueville,5.2052,-4.4146,82.4,89,20,8.05,CI,1614563029
Port-Gentil,-0.7193,8.7815,81.45,79,100,13.13,GA,1614562842
Saint-Pierre,-21.3393,55.4781,75.2,73,0,4.61,RE,1614563039
Labuhan,-6.8844,112.2051,82.11,76,44,2.44,ID,1614563040
Abu Zabad,12.35,29.25,67.96,22,0,16.8,SD,1614563041
Namibe,-15.1961,12.1522,72.46,75,100,6.51,AO,1614563042
Asau,46.4333,26.4,36.0,68,100,3.91,RO,1614562917
Sangar,63.9242,127.4739,-18.33,86,100,8.43,RU,1614563042
Pizarro,4.9533,-77.366,78.12,85,100,1.23,CO,1614563043
Okha,53.5739,142.9478,4.51,88,100,23.78,RU,1614563043
Dinar,38.065,30.1656,32.0,59,0,14.97,TR,1614563043
Marinette,45.1,-87.6307,33.8,69,1,8.05,US,1614563017
Opuwo,-18.0607,13.84,71.73,56,55,7.14,NA,1614563044
Viedma,-40.8135,-62.9967,75.43,60,100,4.09,AR,1614563045
Tongliao,43.6125,122.2653,15.03,76,100,11.41,CN,1614563045
Klaksvik,62.2266,-6.589,46.4,100,40,9.22,FO,1614563045
Sept-Iles,50.2001,-66.3821,25.0,58,20,3.44,CA,1614563046
Wajima,37.4,136.9,57.2,44,0,9.22,JP,1614563047
Birjand,32.8663,59.2211,28.4,54,0,4.61,IR,1614563051
Barreirinha,-2.7933,-57.07,75.65,95,100,1.1,BR,1614563069
Omsukchan,62.5333,155.8,-20.29,82,100,7.78,RU,1614563091
Kendari,-3.945,122.4989,76.39,90,100,1.59,ID,1614563092
Ostrovnoy,68.0531,39.5131,36.14,94,100,23.53,RU,1614563092
Yar-Sale,66.8333,70.8333,-13.52,88,100,14.52,RU,1614563093
Adre,13.4667,22.2,67.71,23,0,19.91,TD,1614563094
Kenai,60.5544,-151.2583,26.6,50,1,6.91,US,1614563094
La Ronge,55.1001,-105.2842,-14.8,58,63,3.44,CA,1614563095
Vavuniya,8.7514,80.4971,71.13,82,1,2.01,LK,1614563096
Roma,43.2128,-75.4557,39.0,70,90,9.22,US,1614562991
Waynesboro,38.0685,-78.8895,54.0,100,90,0.72,US,1614562829
Ola,59.5833,151.2833,4.32,83,100,8.43,RU,1614563097
Zhigansk,66.7697,123.3711,-21.14,86,99,5.35,RU,1614563098
Aldan,58.6031,125.3894,-18.06,85,100,7.56,RU,1614563098
Calama,-22.4667,-68.9333,62.6,48,0,14.97,CL,1614563098
Camacha,33.0833,-16.3333,59.0,72,40,12.66,PT,1614563099
Belfast,54.5833,-5.9333,33.8,100,75,2.3,GB,1614563099
Petropavlovka,50.6114,105.3196,-5.53,83,20,3.06,RU,1614563100
Weirton,40.419,-80.5895,59.0,88,90,11.5,US,1614562840
Cidreira,-30.1811,-50.2056,74.86,84,23,16.84,BR,1614563100
Okhotsk,59.3833,143.3,6.42,84,100,13.78,RU,1614563101
Menongue,-14.6585,17.691,60.44,95,88,5.55,AO,1614563101
Vidim,56.4088,103.1106,-4.56,96,99,2.64,RU,1614563123
Ushtobe,45.2514,77.9838,29.48,85,65,2.1,KZ,1614563123
Arlit,18.7369,7.3853,65.1,15,51,3.49,NE,1614563123
Altay,47.8667,88.1167,16.93,85,100,2.28,CN,1614563124
Solnechnyy,50.7214,136.6319,6.3,79,11,1.54,RU,1614563124
Pecos,31.4229,-103.4932,60.8,17,1,8.05,US,1614563125
Doka,13.5167,35.7667,69.04,22,15,17.25,SD,1614563125
Murgab,37.4966,61.9714,37.4,52,0,6.91,TM,1614563126
Saint-Augustin,51.226,-58.6502,13.24,84,16,10.25,CA,1614563126
Pangody,65.85,74.4859,-18.2,96,100,11.45,RU,1614563126
Gezing,47.9178,13.1299,33.01,93,0,4.61,AT,1614563127
Havelock,34.8791,-76.9013,66.99,100,20,14.97,US,1614563127
Hasilpur,29.7122,72.5553,55.6,37,0,6.02,PK,1614563128
Gornopravdinsk,60.05,69.9,-15.9,88,5,5.26,RU,1614563128
Atar,20.5169,-13.0499,60.28,32,0,9.1,MR,1614563129
Carutapera,-1.195,-46.02,76.89,91,100,7.02,BR,1614563131
Kolo,52.2002,18.6387,32.54,95,2,5.39,PL,1614563131
Wanaka,-44.7,169.15,73.0,58,46,6.46,NZ,1614562966
Pitangui,-19.6828,-44.8903,66.13,93,99,6.42,BR,1614563106
Fort Nelson,58.8053,-122.7002,-2.2,71,75,2.3,CA,1614563133
Dovolnoye,54.4958,79.6671,21.2,98,99,7.2,RU,1614563134
Kavieng,-2.5744,150.7967,84.78,70,92,10.07,PG,1614563156
Kalabo,-14.97,22.6814,61.88,96,97,6.76,ZM,1614563156
Yumen,40.2833,97.2,31.01,71,0,6.26,CN,1614563156
Marystown,47.1666,-55.1483,31.41,95,96,26.33,CA,1614563157
Kamenka,51.3223,42.7678,10.81,96,69,4.63,RU,1614563157
San Andres,12.5847,-81.7006,79.74,74,99,22.95,CO,1614562922
Inirida,3.8653,-67.9239,75.6,86,33,1.79,CO,1614562959
Suoyarvi,62.0833,32.35,33.82,98,100,9.82,RU,1614563158
Edgewater,28.9889,-80.9023,75.2,83,20,13.8,US,1614563107
Dwarka,22.2394,68.9678,73.22,66,0,11.68,IN,1614563158
Chapleau,47.8405,-83.4034,32.0,100,90,2.3,CA,1614563159
Popondetta,-8.7537,148.2534,91.26,54,100,5.46,PG,1614563159
Strezhevoy,60.7333,77.5889,-18.4,76,0,6.71,RU,1614563159
San Patricio,28.017,-97.5169,73.4,88,90,19.57,US,1614563160
Katherine,-14.4667,132.2667,89.6,62,19,5.75,AU,1614563160
Cabedelo,-6.9811,-34.8339,77.0,94,40,4.61,BR,1614563162
Araouane,18.9048,-3.5265,70.32,9,0,9.13,ML,1614563162
Caravelas,-17.7125,-39.2481,74.82,89,48,5.57,BR,1614563163
Bardiyah,31.7561,25.0865,56.82,82,0,8.12,LY,1614563163
Kpandu,6.9954,0.2931,79.32,80,40,7.4,GH,1614563163
Saint Anthony,45.0205,-93.218,24.8,63,1,11.5,US,1614563164
Lannion,48.75,-3.4167,41.0,93,0,6.91,FR,1614563164
Fethiye,36.6217,29.1164,53.6,43,0,19.57,TR,1614563165
Srednekolymsk,67.45,153.6833,-24.36,83,39,4.21,RU,1614563165
Alamosa,37.4695,-105.87,26.6,39,1,8.05,US,1614563165
Abu Samrah,35.3029,37.1841,47.26,82,0,6.2,SY,1614563166
Kurilsk,45.2333,147.8833,30.88,98,100,19.15,RU,1614563166
Imbituba,-28.24,-48.6703,71.6,94,75,3.44,BR,1614562895
Martinsville,36.6915,-79.8725,55.99,100,1,6.96,US,1614563188
Lamu,-2.2717,40.902,76.17,90,100,10.31,KE,1614563189
Malakal,9.5334,31.6605,75.13,11,0,8.03,SS,1614563190
Porto Novo,6.4965,2.6036,84.2,84,40,13.8,BJ,1614563193
Kumluca,36.3703,30.2869,55.74,48,0,5.86,TR,1614563194
Male,4.1748,73.5089,82.4,78,75,8.05,MV,1614563195
Windhoek,-22.5594,17.0832,64.4,77,0,5.75,NA,1614563196
Peniche,39.3558,-9.3811,55.99,93,0,3.0,PT,1614563197
Limoges,45.75,1.3333,46.4,57,0,8.05,FR,1614563197
Fowa,8.9167,6.4,78.26,21,0,3.09,NG,1614563198
San Luis,-33.295,-66.3356,77.16,50,1,12.97,AR,1614563198
Mentougou,39.9392,116.0917,33.8,47,0,11.18,CN,1614563199
Mvangue,2.9667,11.5167,68.11,99,98,2.57,CM,1614563200
Tecoanapa,16.5167,-98.75,76.12,79,0,5.68,MX,1614563201
Lagoa,39.05,-27.9833,56.19,64,0,12.33,PT,1614563201
Valparaiso,-33.0393,-71.6273,61.0,81,0,4.25,CL,1614563202
Moron,-34.6534,-58.6198,81.0,59,41,7.0,AR,1614563202
Tomaszow Mazowiecki,51.5313,20.0086,39.0,10,86,55.99,PL,1614563203
Kargasok,59.0556,80.8572,-19.23,97,97,9.37,RU,1614563203
Zemio,5.0314,25.1361,66.76,35,0,2.84,CF,1614563204
Havoysund,70.9963,24.6622,37.4,81,75,34.52,NO,1614563205
Brae,60.3964,-1.353,46.4,87,90,21.85,GB,1614563205
Port Augusta,-32.5,137.7667,87.01,49,3,16.11,AU,1614563206
Noumea,-22.2763,166.4572,88.0,66,20,10.36,NC,1614563207
Novyy Urengoy,66.0833,76.6333,-21.57,87,92,10.38,RU,1614563208
Pontes E Lacerda,-15.2261,-59.3353,74.5,79,1,1.92,BR,1614563209
Tiznit,29.5833,-9.5,50.81,87,93,3.69,MA,1614563211
